{"cameraMode":{"drawMode":0,"name":"Shaded","section":"Shading Mode"},"sceneLighting":false,"audioPlay":false,"sceneViewState":{"showFog":true,"showMaterialUpdate":false,"showSkybox":false,"showFlares":true,"showImageEffects":true,"showParticleSystems":true},"in2DMode":false,"pivot":{"x":11.9361572265625,"y":3.7571425437927248,"z":13.807552337646485},"rotation":{"x":0.05713193118572235,"y":-0.5303114652633667,"z":0.035850364714860919,"w":0.8451144099235535},"size":0.34640997648239138,"orthographic":false}